{
    "train_r2": 0.8834004462611313,
    "train_rmse": 0.2502822327668862,
    "train_mae": 0.17830821342512562,
    "evaluation_r2": 0.7831369328697938,
    "evaluation_rmse": 0.3404414378292952,
    "evaluation_mae": 0.23952518379559512,
    "evaluation_rmse_real": 1728.1184215696367,
    "evaluation_mae_real": 411.83593106077205,
    "cv_mean_r2": 0.7587203449395726,
    "cv_std_r2": 0.012184877653322766
}